﻿<?xml version="1.0" encoding="utf-8" ?>
<Advertisements>
	<Ad>
		<ImageUrl>https://i.pinimg.com/originals/2e/f0/62/2ef062c6b8749cb6284718fde7c13059.jpg</ImageUrl>
		<Width>142px</Width>
		<NavigateUrl>http://www.1800flowers.com</NavigateUrl>
		<AlternateText>    Order flowers, roses, gifts and more</AlternateText>
		<Impressions>25</Impressions>

	</Ad>

	<Ad>
		<ImageUrl>https://d3nuqriibqh3vw.cloudfront.net/images/Dummy1_1.jpg</ImageUrl>
		<Width>142px</Width>
		<NavigateUrl>http://www.babybouquets.com.au</NavigateUrl>
		<AlternateText>Order roses and flowers</AlternateText>
		<Impressions>25</Impressions>

	</Ad>

	<Ad>
		<ImageUrl>https://encrypted-tbn0.gstatic.com/images?q=tbn:ANd9GcSzO4j4cifBhtxTElELwm0_WWiS-ERMDyBXPQ</ImageUrl>
		<Width>142px</Width>
		<NavigateUrl>http://www.flowers2moscow.com</NavigateUrl>
		<AlternateText>Send flowers to Russia</AlternateText>
		<Impressions>25</Impressions>

	</Ad>

	<Ad>
		<ImageUrl>https://www.jonloomer.com/wp-content/uploads/2012/07/facebook-fake-profile.jpg</ImageUrl>
		<Width>142px</Width>
		<NavigateUrl>http://www.edibleblooms.com</NavigateUrl>
		<AlternateText>Edible Blooms</AlternateText>
		<Impressions>25</Impressions>

	</Ad>
</Advertisements>
